[
  {
    "eventType": "VIEW_CLICKED",
    "timestamp": 1581284834050,
    "replacementText": "START GAME",
    "actionCode": -1,
    "delayTime": 0,
    "canScrollTo": false,
    "elementDescriptors": [
      {
        "className": "androidx.appcompat.widget.AppCompatButton",
        "recyclerViewChildPosition": -1,
        "adapterViewChildPosition": -1,
        "groupViewChildPosition": 3,
        "resourceId": "dar.games.music.capstonekote:id/start_game_btn",
        "contentDescription": "",
        "text": "START GAME"
      },
      {
        "className": "androidx.constraintlayout.widget.ConstraintLayout",
        "recyclerViewChildPosition": -1,
        "adapterViewChildPosition": -1,
        "groupViewChildPosition": 0,
        "resourceId": "dar.games.music.capstonekote:id/main_menu_frag_container",
        "contentDescription": "",
        "text": ""
      },
      {
        "className": "androidx.appcompat.widget.ContentFrameLayout",
        "recyclerViewChildPosition": -1,
        "adapterViewChildPosition": -1,
        "groupViewChildPosition": 0,
        "resourceId": "android:id/content",
        "contentDescription": "",
        "text": ""
      }
    ]
  },
  {
    "eventType": "PERMISSIONS_REQUEST",
    "timestamp": 1581284837314,
    "actionCode": -1,
    "delayTime": 0,
    "requestedPermissions": [
      "android.permission.RECORD_AUDIO"
    ],
    "canScrollTo": false,
    "elementDescriptors": []
  },
  {
    "eventType": "VIEW_CLICKED",
    "timestamp": 1581284842336,
    "replacementText": "",
    "actionCode": -1,
    "delayTime": 0,
    "canScrollTo": false,
    "elementDescriptors": [
      {
        "className": "androidx.appcompat.widget.AppCompatImageView",
        "recyclerViewChildPosition": -1,
        "adapterViewChildPosition": -1,
        "groupViewChildPosition": 3,
        "resourceId": "dar.games.music.capstonekote:id/first_note_btn",
        "contentDescription": "play first note",
        "text": ""
      },
      {
        "className": "androidx.constraintlayout.widget.ConstraintLayout",
        "recyclerViewChildPosition": -1,
        "adapterViewChildPosition": -1,
        "groupViewChildPosition": 0,
        "resourceId": "dar.games.music.capstonekote:id/piano_board_player",
        "contentDescription": "",
        "text": ""
      },
      {
        "className": "android.widget.FrameLayout",
        "recyclerViewChildPosition": -1,
        "adapterViewChildPosition": -1,
        "groupViewChildPosition": 1,
        "resourceId": "dar.games.music.capstonekote:id/piano_board_frame",
        "contentDescription": "",
        "text": ""
      }
    ]
  },
  {
    "eventType": "VIEW_CLICKED",
    "timestamp": 1581284848570,
    "replacementText": "",
    "actionCode": -1,
    "delayTime": 0,
    "canScrollTo": false,
    "elementDescriptors": [
      {
        "className": "android.widget.FrameLayout",
        "recyclerViewChildPosition": -1,
        "adapterViewChildPosition": -1,
        "groupViewChildPosition": 1,
        "resourceId": "dar.games.music.capstonekote:id/record_button",
        "contentDescription": "",
        "text": ""
      },
      {
        "className": "androidx.constraintlayout.widget.ConstraintLayout",
        "recyclerViewChildPosition": -1,
        "adapterViewChildPosition": -1,
        "groupViewChildPosition": 0,
        "resourceId": "dar.games.music.capstonekote:id/game_const_layout",
        "contentDescription": "",
        "text": ""
      },
      {
        "className": "android.widget.FrameLayout",
        "recyclerViewChildPosition": -1,
        "adapterViewChildPosition": -1,
        "groupViewChildPosition": 0,
        "resourceId": "dar.games.music.capstonekote:id/container",
        "contentDescription": "",
        "text": ""
      }
    ]
  },
  {
    "eventType": "VIEW_CLICKED",
    "timestamp": 1581284857427,
    "replacementText": "",
    "actionCode": -1,
    "delayTime": 0,
    "canScrollTo": false,
    "elementDescriptors": [
      {
        "className": "android.widget.FrameLayout",
        "recyclerViewChildPosition": -1,
        "adapterViewChildPosition": -1,
        "groupViewChildPosition": 1,
        "resourceId": "dar.games.music.capstonekote:id/record_button",
        "contentDescription": "",
        "text": ""
      },
      {
        "className": "androidx.constraintlayout.widget.ConstraintLayout",
        "recyclerViewChildPosition": -1,
        "adapterViewChildPosition": -1,
        "groupViewChildPosition": 0,
        "resourceId": "dar.games.music.capstonekote:id/game_const_layout",
        "contentDescription": "",
        "text": ""
      },
      {
        "className": "android.widget.FrameLayout",
        "recyclerViewChildPosition": -1,
        "adapterViewChildPosition": -1,
        "groupViewChildPosition": 0,
        "resourceId": "dar.games.music.capstonekote:id/container",
        "contentDescription": "",
        "text": ""
      }
    ]
  },
  {
    "eventType": "VIEW_CLICKED",
    "timestamp": 1581284864407,
    "replacementText": "",
    "actionCode": -1,
    "delayTime": 0,
    "canScrollTo": false,
    "elementDescriptors": [
      {
        "className": "android.widget.LinearLayout",
        "recyclerViewChildPosition": -1,
        "adapterViewChildPosition": -1,
        "groupViewChildPosition": 3,
        "resourceId": "dar.games.music.capstonekote:id/ready_btn",
        "contentDescription": "",
        "text": ""
      },
      {
        "className": "androidx.constraintlayout.widget.ConstraintLayout",
        "recyclerViewChildPosition": -1,
        "adapterViewChildPosition": -1,
        "groupViewChildPosition": 0,
        "resourceId": "",
        "contentDescription": "",
        "text": ""
      },
      {
        "className": "android.widget.FrameLayout",
        "recyclerViewChildPosition": -1,
        "adapterViewChildPosition": -1,
        "groupViewChildPosition": 0,
        "resourceId": "dar.games.music.capstonekote:id/container",
        "contentDescription": "",
        "text": ""
      }
    ]
  }
]